index,file_name,category,question,answer,predicted,raw_response,correct,refused,n_examples
0,016640.jpg,"Teeth,Patho",Which of the following teeth is suspected to have caries?,B,B,B,True,False,0
1,016640.jpg,Teeth,How many natural teeth are visualized in the panoramic radiograph?,D,D,D,True,False,0
2,016640.jpg,"Teeth,Patho",Which tooth shows signs of a periapical abscess?,A,B,B,False,False,0
3,016640.jpg,"Teeth,HisT",Which of the following teeth has a crown and root canal treatment?,D,B,B,False,False,0
4,016640.jpg,Jaw,Which of the following is TRUE regarding the jaw-specific observations?,B,B,B,True,False,0
5,016641.jpg,"Teeth,Patho",What is required for the periapical lesion at tooth 36?,C,C,C,True,False,0
6,016641.jpg,"HisT,Jaw",Which structures are visible in the image?,A,A,A,True,False,0
7,016641.jpg,"Teeth,Patho",Which tooth exhibits imaging features suggestive of a periapical granuloma?,D,D,D,True,False,0
8,016641.jpg,"Teeth,HisT,SumRec",Which tooth is obvious for a filling?,B,D,D,False,False,0
9,016642.jpg,Jaw,Is there any apparent bone loss in the image?,B,D,D,False,False,0
10,016642.jpg,"Teeth,HisT",Which tooth has a crown restoration?,B,B,B,True,False,0
11,016642.jpg,Teeth,Which of the following wisdom teeth are impacted?,B,D,D,False,False,0
12,016642.jpg,Teeth,How many teeth are visualized in the radiograph?,B,C,C,False,False,0
13,016642.jpg,"Teeth,HisT",Which tooth shows signs of root canal treatment?,D,D,D,True,False,0
14,016648.jpg,Teeth,How many wisdom teeth are erupted in the patient?,C,C,C,True,False,0
15,016648.jpg,"Teeth,Jaw",What is the status of bone loss in the image?,A,A,A,True,False,0
16,016648.jpg,"Teeth,Patho",Which tooth is suspicious for deep caries?,C,C,C,True,False,0
17,016648.jpg,"Teeth,Patho",Which tooth shows evidence of a periapical lesion?,D,B,B,False,False,0
18,016649.jpg,"Teeth,HisT",Which site has a dental implant placed?,D,D,D,True,False,0
19,016649.jpg,"Teeth,HisT",Which tooth has evidence of root canal treatment?,C,C,C,True,False,0
20,016649.jpg,"Teeth,Patho",Which tooth has a suspected deep caries?,D,B,B,False,False,0
21,016649.jpg,"Teeth,Patho",Which tooth shows signs of a periapical granuloma?,D,D,D,True,False,0
22,016649.jpg,"Teeth,HisT",Which tooth has a crown restoration?,B,B,B,True,False,0
23,016650.jpg,"Teeth,HisT",Which teeth have undergone root canal treatment?,A,C,C,False,False,0
24,016650.jpg,"Teeth,Patho",Which tooth shows signs of a periapical granuloma?,A,B,B,False,False,0
25,016650.jpg,Jaw,Does the imaging indicate any bone loss?,A,C,C,False,False,0
26,016650.jpg,"Teeth,Patho",Which teeth are suspected to have deep caries?,D,B,B,False,False,0
27,016650.jpg,"HisT,Jaw",What is visible in the mandibular areas?,A,A,A,True,False,0
28,016652.jpg,"Teeth,Patho,SumRec",Which teeth are recommended for monitoring due to suspicious caries?,B,B,B,True,False,0
29,016652.jpg,"HisT,Jaw",Which of the following is NOT a visible structure in the imaging?,A,A,A,True,False,0
30,016652.jpg,Jaw,Is there apparent bone loss observed in the jaw?,A,C,C,False,False,0
31,016652.jpg,"Teeth,Patho",Which tooth shows signs of a periapical granuloma?,B,B,B,True,False,0
32,016652.jpg,"Patho,SumRec",What is the primary recommendation for the periapical lesion at 46?,B,B,B,True,False,0
33,016655.jpg,"Teeth,Patho",Which tooth shows signs of a periapical abscess?,D,D,D,True,False,0
34,016655.jpg,Teeth,How many wisdom teeth were detected in the radiograph?,A,A,A,True,False,0
35,016655.jpg,"Teeth,SumRec",What is the recommended course of action for the impacted wisdom teeth?,B,B,B,True,False,0
36,016655.jpg,Teeth,What is the condition of tooth 18?,C,D,D,False,False,0
37,016655.jpg,"Patho,Jaw",Which of the following is NOT a finding related to the maxillary sinuses?,A,D,D,False,False,0
38,016657.jpg,"Teeth,HisT",Which teeth show signs of fillings?,B,C,C,False,False,0
39,016657.jpg,Teeth,Which wisdom tooth is impacted?,B,D,D,False,False,0
40,016657.jpg,"Teeth,Jaw",What is the status of the bone architecture in the jaw?,C,C,C,True,False,0
41,016657.jpg,HisT,What previous dental treatment has been done on tooth 24?,B,B,B,True,False,0
42,016659.jpg,"Teeth,Patho",Which tooth shows signs of deep caries?,B,D,D,False,False,0
43,016659.jpg,"Teeth,Patho",Which tooth has a periapical abscess?,C,D,D,False,False,0
44,016659.jpg,"Teeth,HisT",Which tooth has a sign of filling?,A,B,B,False,False,0
45,016659.jpg,Teeth,Which region has a missing tooth?,C,B,B,False,False,0
46,016659.jpg,Teeth,How many erupted wisdom teeth are present in the radiograph?,C,C,C,True,False,0
47,016690.jpg,Teeth,Which of the following is TRUE regarding the wisdom teeth in this patient?,A,D,D,False,False,0
48,016690.jpg,Jaw,What type of bone loss is detected in the upper jaw?,B,D,D,False,False,0
49,016690.jpg,"Teeth,HisT",Which tooth has both a filling and root canal treatment?,A,B,B,False,False,0
50,016690.jpg,"Teeth,Patho",Which tooth shows signs of a periapical granuloma?,D,D,D,True,False,0
51,016690.jpg,Jaw,Which structure is well-defined bilaterally in the maxilla?,D,D,D,True,False,0
52,016693.jpg,"Teeth,HisT",Which teeth have crown restorations?,C,A,A,False,False,0
53,016693.jpg,Teeth,Which of the following wisdom teeth are impacted?,D,D,D,True,False,0
54,016693.jpg,"Teeth,Patho",Which tooth shows signs of a periapical abscess?,D,D,D,True,False,0
55,016693.jpg,"Teeth,Patho,SumRec",Which tooth requires monitoring for suspicious caries?,A,C,C,False,False,0
56,016693.jpg,"Teeth,Jaw",In which jaw is the missing tooth region detected?,C,C,C,True,False,0
57,016694.jpg,"HisT,Jaw",Which structures are visible in the radiograph?,A,C,C,False,False,0
58,016694.jpg,"Teeth,Patho",Which tooth shows signs of caries?,A,B,B,False,False,0
59,016694.jpg,Teeth,How many teeth are visualized in the radiograph?,D,C,C,False,False,0
