index,question,original_reference,repaired_reference
4,Please provide a full description of the condition of tooth #26.,"[
{""Teeth position"": {""point_2d"": [1576, 470]}},
{""Crown"": {""box_2d"": [1513, 501, 1631, 588]}},
{""Root canal treatment"": {""box_2d"": [1548, 375, 1574, 500]}}
]","Findings: crown, root canal treatment."
8,Does the panoramic radiograph reveal any specific tooth involvement trends related to root canal treatment?,"[
{""tooth_id"": ""36"", ""box_2d"": [1619, 755, 1676, 846]}
]",Tooth #36.
9,Which historical treatments can be detected in the panoramic image?,"[
{""box_2d"": [1531, 698, 1649, 769], ""tooth_id"": ""36"", ""label"": ""Crown""},
{""box_2d"": [1619, 755, 1676, 846], ""tooth_id"": ""36"", ""label"": ""Root canal treatment""},
{""box_2d"": [1771, 628, 1801, 657], ""tooth_id"": ""38"", ""label"": ""Filling""}
]","Tooth #36: crown, root canal treatment. Tooth #38: filling."
21,Describe the overall status of tooth #18 based on the panoramic radiograph findings.,"[
{""Teeth position"": {""point_2d"": [687, 350]}},
{""is_wisdom_tooth"": ""True""},
{""is_impacted"": ""false""},
{""Caries"": {""box_2d"": [628, 364, 701, 454]}},
{""Deep caries"": {""box_2d"": [615, 228, 764, 481]}},
{""Periapical lesions (Granuloma)"": {""box_2d"": [691, 219, 744, 269]}}
]","Findings: wisdom tooth, caries, deep caries, periapical lesions (granuloma)."
33,Identify the mandibular canal in the X-ray image.,"[
{""box_2d"": [1524, 423, 2129, 1050], ""label"": ""Mandibular canal""},
{""box_2d"": [329, 391, 740, 979], ""label"": ""Mandibular canal""}
]",Findings: mandibular canal.
57,Identify areas showing the bone loss in the panoramic radiograph.,"[
{""box_2d"": [651, 641, 1823, 833], ""label"": ""Bone loss"", ""side"": ""lower""}
]","Findings: bone loss, side lower."
69,Please detect the teeth in the panoramic image.,"[
{""point_2d"": [1712, 526], ""tooth_id"": ""26""},
{""point_2d"": [1626, 534], ""tooth_id"": ""25""},
{""point_2d"": [794, 520], ""tooth_id"": ""16""},
{""point_2d"": [1132, 510], ""tooth_id"": ""12""},
{""point_2d"": [678, 752], ""tooth_id"": ""47""},
{""point_2d"": [964, 504], ""tooth_id"": ""14""},
{""point_2d"": [1555, 530], ""tooth_id"": ""24""},
{""point_2d"": [1328, 776], ""tooth_id"": ""32""},
{""point_2d"": [1086, 783], ""tooth_id"": ""43""},
{""point_2d"": [812, 774], ""tooth_id"": ""46""},
{""point_2d"": [668, 506], ""tooth_id"": ""17""},
{""point_2d"": [522, 680], ""tooth_id"": ""48""},
{""point_2d"": [920, 788], ""tooth_id"": ""45""},
{""point_2d"": [1301, 515], ""tooth_id"": ""21""},
{""point_2d"": [1778, 764], ""tooth_id"": ""37""},
{""point_2d"": [1048, 498], ""tooth_id"": ""13""},
{""point_2d"": [1272, 768], ""tooth_id"": ""31""},
{""point_2d"": [890, 515], ""tooth_id"": ""15""},
{""point_2d"": [580, 488], ""tooth_id"": ""18""},
{""point_2d"": [1471, 516], ""tooth_id"": ""23""},
{""point_2d"": [1389, 530], ""tooth_id"": ""22""},
{""point_2d"": [1210, 511], ""tooth_id"": ""11""},
{""point_2d"": [1926, 708], ""tooth_id"": ""38""},
{""point_2d"": [1005, 789], ""tooth_id"": ""44""},
{""point_2d"": [1656, 794], ""tooth_id"": ""36""},
{""point_2d"": [1903, 497], ""tooth_id"": ""28""},
{""point_2d"": [1154, 758], ""tooth_id"": ""42""},
{""point_2d"": [1398, 798], ""tooth_id"": ""33""},
{""point_2d"": [1826, 512], ""tooth_id"": ""27""},
{""point_2d"": [1213, 762], ""tooth_id"": ""41""},
{""point_2d"": [1476, 801], ""tooth_id"": ""35""}
]","Tooth #26, #25, #16, #12, #47, #14, #24, #32, #43, #46, #17, #48, #45, #21, #37, #13, #31, #15, #18, #23, #22, #11, #38, #44, #36, #28, #42, #33, #27, #41, #35."
75,Identify the historical treatments in the X-ray image.,"[
{""box_2d"": [1006, 705, 1088, 807], ""tooth_id"": ""44"", ""label"": ""Crown""},
{""box_2d"": [1029, 806, 1044, 875], ""tooth_id"": ""44"", ""label"": ""Root canal treatment""},
{""box_2d"": [796, 693, 934, 775], ""tooth_id"": ""46"", ""label"": ""Crown""},
{""box_2d"": [1558, 709, 1679, 791], ""tooth_id"": ""36"", ""label"": ""Crown""},
{""box_2d"": [1652, 786, 1688, 849], ""tooth_id"": ""36"", ""label"": ""Root canal treatment""},
{""box_2d"": [1415, 712, 1491, 812], ""tooth_id"": ""34"", ""label"": ""Crown""},
{""box_2d"": [1481, 710, 1565, 829], ""tooth_id"": ""35"", ""label"": ""Crown""},
{""box_2d"": [1538, 833, 1551, 869], ""tooth_id"": ""35"", ""label"": ""Root canal treatment""},
{""box_2d"": [1595, 568, 1734, 671], ""tooth_id"": ""26"", ""label"": ""Crown""},
{""box_2d"": [1661, 495, 1676, 571], ""tooth_id"": ""26"", ""label"": ""Root canal treatment""},
{""box_2d"": [1210, 712, 1262, 805], ""tooth_id"": ""41"", ""label"": ""Crown""},
{""box_2d"": [1084, 714, 1157, 803], ""tooth_id"": ""43"", ""label"": ""Crown""},
{""box_2d"": [1107, 805, 1121, 895], ""tooth_id"": ""43"", ""label"": ""Root canal treatment""},
{""box_2d"": [1532, 584, 1618, 671], ""tooth_id"": ""25"", ""label"": ""Crown""},
{""box_2d"": [1563, 455, 1600, 588], ""tooth_id"": ""25"", ""label"": ""Root canal treatment""},
{""box_2d"": [927, 522, 941, 583], ""tooth_id"": ""15"", ""label"": ""Root canal treatment""},
{""box_2d"": [719, 583, 798, 676], ""tooth_id"": ""17"", ""label"": ""Crown""},
{""box_2d"": [692, 483, 727, 585], ""tooth_id"": ""17"", ""label"": ""Root canal treatment""},
{""box_2d"": [1356, 716, 1425, 826], ""tooth_id"": ""33"", ""label"": ""Crown""},
{""box_2d"": [1392, 828, 1407, 907], ""tooth_id"": ""33"", ""label"": ""Root canal treatment""},
{""box_2d"": [1455, 586, 1549, 674], ""tooth_id"": ""24"", ""label"": ""Crown""},
{""box_2d"": [793, 556, 910, 665], ""tooth_id"": ""16"", ""label"": ""Crown""},
{""box_2d"": [1666, 683, 1794, 760], ""tooth_id"": ""37"", ""label"": ""Crown""},
{""box_2d"": [1753, 744, 1840, 817], ""tooth_id"": ""37"", ""label"": ""Root canal treatment""},
{""box_2d"": [1056, 418, 1105, 568], ""tooth_id"": ""13"", ""label"": ""Implant""},
{""box_2d"": [1303, 716, 1358, 827], ""tooth_id"": ""31"", ""label"": ""Crown""},
{""box_2d"": [1149, 715, 1212, 806], ""tooth_id"": ""42"", ""label"": ""Crown""},
{""box_2d"": [1718, 571, 1845, 645], ""tooth_id"": ""27"", ""label"": ""Crown""},
{""box_2d"": [1766, 474, 1784, 571], ""tooth_id"": ""27"", ""label"": ""Root canal treatment""}
]","Tooth #44: crown, root canal treatment. Tooth #46: crown. Tooth #36: crown, root canal treatment. Tooth #34: crown. Tooth #35: crown, root canal treatment. Tooth #26: crown, root canal treatment. Tooth #41: crown. Tooth #43: crown, root canal treatment. Tooth #25: crown, root canal treatment. Tooth #15: root canal treatment. Tooth #17: crown, root canal treatment. Tooth #33: crown, root canal treatment. Tooth #24: crown. Tooth #16: crown. Tooth #37: crown, root canal treatment. Tooth #13: implant. Tooth #31: crown. Tooth #42: crown. Tooth #27: crown, root canal treatment."
81,Detect missing teeth in the panoramic image.,"[
{""box_2d"": [1481, 441, 1682, 602], ""side"": ""upper""}
]",Findings: side upper.
87,Which mandibular canal is/are visible in the panoramic dental image?,"[
{""box_2d"": [298, 564, 869, 1010], ""label"": ""Mandibular canal""},
{""box_2d"": [1589, 567, 2133, 1043], ""label"": ""Mandibular canal""}
]",Findings: mandibular canal.
93,Identify areas showing the maxillary sinus in the panoramic radiograph.,"[
{""box_2d"": [1372, 33, 1806, 421], ""label"": ""Maxillary sinus""},
{""box_2d"": [657, 42, 1013, 401], ""label"": ""Maxillary sinus""}
]",Findings: maxillary sinus.
98,Which historical treatments could be detected in the panoramic image?,"[
{""box_2d"": [717, 503, 742, 584], ""tooth_id"": ""17"", ""label"": ""Root canal treatment""}
]",Tooth #17: root canal treatment.
124,What are the most significant radiographic anomalies present in this panoramic radiograph?,"[
{""box_2d"": [825, 746, 996, 995], ""tooth_id"": ""45"", ""label"": ""Deep caries""},
{""box_2d"": [562, 325, 685, 512], ""tooth_id"": ""18"", ""is_impacted"": ""true""},
{""box_2d"": [1769, 621, 1955, 753], ""tooth_id"": ""38"", ""is_impacted"": ""true""},
{""box_2d"": [1729, 348, 1850, 485], ""tooth_id"": ""28"", ""is_impacted"": ""true""}
]",Tooth #45: deep caries. Tooth #18: impacted. Tooth #38: impacted. Tooth #28: impacted.
130,Please accurately identify the teeth in the X-ray image.,"[
{""point_2d"": [1406, 771], ""tooth_id"": ""34""},
{""point_2d"": [1182, 782], ""tooth_id"": ""41""},
{""point_2d"": [1232, 782], ""tooth_id"": ""31""},
{""point_2d"": [1594, 734], ""tooth_id"": ""36""},
{""point_2d"": [1446, 530], ""tooth_id"": ""24""},
{""point_2d"": [1484, 758], ""tooth_id"": ""35""},
{""point_2d"": [936, 746], ""tooth_id"": ""45""},
{""point_2d"": [1005, 764], ""tooth_id"": ""44""},
{""point_2d"": [1285, 778], ""tooth_id"": ""32""},
{""point_2d"": [1072, 776], ""tooth_id"": ""43""},
{""point_2d"": [1376, 519], ""tooth_id"": ""23""},
{""point_2d"": [1594, 515], ""tooth_id"": ""26""},
{""point_2d"": [1312, 551], ""tooth_id"": ""22""},
{""point_2d"": [1170, 544], ""tooth_id"": ""11""},
{""point_2d"": [1130, 780], ""tooth_id"": ""42""},
{""point_2d"": [973, 527], ""tooth_id"": ""14""},
{""point_2d"": [1102, 544], ""tooth_id"": ""12""},
{""point_2d"": [1342, 778], ""tooth_id"": ""33""},
{""point_2d"": [742, 463], ""tooth_id"": ""17""},
{""point_2d"": [1242, 543], ""tooth_id"": ""21""},
{""point_2d"": [842, 720], ""tooth_id"": ""46""},
{""point_2d"": [830, 498], ""tooth_id"": ""16""},
{""point_2d"": [1517, 523], ""tooth_id"": ""25""},
{""point_2d"": [906, 514], ""tooth_id"": ""15""},
{""point_2d"": [1039, 525], ""tooth_id"": ""13""},
{""point_2d"": [726, 677], ""tooth_id"": ""47""},
{""point_2d"": [1712, 696], ""tooth_id"": ""37""},
{""point_2d"": [1696, 489], ""tooth_id"": ""27""}
]","Tooth #34, #41, #31, #36, #24, #35, #45, #44, #32, #43, #23, #26, #22, #11, #42, #14, #12, #33, #17, #21, #46, #16, #25, #15, #13, #47, #37, #27."
136,Does the panoramic radiograph reveal any specific tooth involvement trends related to crown?,"[
{""tooth_id"": ""24"", ""box_2d"": [1469, 619, 1556, 688]},
{""tooth_id"": ""36"", ""box_2d"": [1522, 733, 1644, 810]},
{""tooth_id"": ""26"", ""box_2d"": [1600, 592, 1704, 673]},
{""tooth_id"": ""25"", ""box_2d"": [1552, 619, 1616, 688]},
{""tooth_id"": ""16"", ""box_2d"": [802, 613, 906, 673]},
{""tooth_id"": ""15"", ""box_2d"": [901, 620, 978, 690]},
{""tooth_id"": ""46"", ""box_2d"": [868, 746, 995, 806]},
{""tooth_id"": ""47"", ""box_2d"": [764, 714, 883, 778]}
]","Tooth #24, #36, #26, #25, #16, #15, #46, #47."
142,What radiographic features are visible in tooth #38 on the panoramic X-ray?,"[
{""Teeth position"": {""point_2d"": [1798, 645]}},
{""is_wisdom_tooth"": ""True""},
{""is_impacted"": ""false""},
{""Periapical lesions (Abscess)"": {""box_2d"": [1818, 708, 1895, 774]}}
]","Findings: wisdom tooth, periapical lesions (abscess)."
154,What radiographic features are visible in tooth #16 on the panoramic X-ray?,"[
{""Teeth position"": {""point_2d"": [810, 560]}},
{""Crown"": {""box_2d"": [760, 512, 861, 623]}}
]",Findings: crown.
160,Please detect the mandibular canal in the panoramic image.,"[
{""box_2d"": [1577, 656, 2099, 1060], ""label"": ""Mandibular canal""},
{""box_2d"": [370, 691, 924, 1090], ""label"": ""Mandibular canal""}
]",Findings: mandibular canal.
166,Identify areas showing the maxillary sinus in the panoramic radiograph.,"[
{""box_2d"": [1387, 34, 1850, 500], ""label"": ""Maxillary sinus""},
{""box_2d"": [560, 37, 1014, 503], ""label"": ""Maxillary sinus""}
]",Findings: maxillary sinus.
172,What radiographic features are visible in tooth #44 on the panoramic X-ray?,"[
{""Teeth position"": {""point_2d"": [1104, 869]}},
{""Periapical lesions (Cyst)"": {""box_2d"": [1028, 916, 1135, 1019]}},
{""Filling"": {""box_2d"": [1023, 759, 1084, 788]}},
{""Root canal treatment"": {""box_2d"": [1082, 846, 1117, 962]}}
]","Findings: periapical lesions (cyst), filling, root canal treatment."
177,Identify areas showing the wisdom tooth in the panoramic radiograph.,"[
{""box_2d"": [565, 312, 664, 511], ""tooth_id"": ""18"", ""is_impacted"": ""false""},
{""box_2d"": [1798, 518, 1961, 696], ""tooth_id"": ""38"", ""is_impacted"": ""false""},
{""box_2d"": [516, 546, 660, 721], ""tooth_id"": ""48"", ""is_impacted"": ""false""},
{""box_2d"": [1769, 284, 1883, 500], ""tooth_id"": ""28"", ""is_impacted"": ""false""}
]","Tooth #18, #38, #48, #28."
183,Please detect the teeth in the panoramic image.,"[
{""point_2d"": [1035, 848], ""tooth_id"": ""44""},
{""point_2d"": [1156, 824], ""tooth_id"": ""42""},
{""point_2d"": [1522, 827], ""tooth_id"": ""35""},
{""point_2d"": [958, 544], ""tooth_id"": ""14""},
{""point_2d"": [624, 476], ""tooth_id"": ""18""},
{""point_2d"": [796, 531], ""tooth_id"": ""16""},
{""point_2d"": [948, 840], ""tooth_id"": ""45""},
{""point_2d"": [885, 546], ""tooth_id"": ""15""},
{""point_2d"": [1098, 541], ""tooth_id"": ""12""},
{""point_2d"": [1430, 832], ""tooth_id"": ""34""},
{""point_2d"": [1206, 807], ""tooth_id"": ""41""},
{""point_2d"": [1372, 838], ""tooth_id"": ""33""},
{""point_2d"": [1168, 536], ""tooth_id"": ""11""},
{""point_2d"": [1024, 526], ""tooth_id"": ""13""},
{""point_2d"": [1092, 849], ""tooth_id"": ""43""},
{""point_2d"": [628, 706], ""tooth_id"": ""48""},
{""point_2d"": [1262, 802], ""tooth_id"": ""31""},
{""point_2d"": [1314, 815], ""tooth_id"": ""32""},
{""point_2d"": [703, 522], ""tooth_id"": ""17""},
{""point_2d"": [875, 816], ""tooth_id"": ""46""},
{""point_2d"": [1326, 520], ""tooth_id"": ""22""},
{""point_2d"": [724, 765], ""tooth_id"": ""47""},
{""point_2d"": [1402, 499], ""tooth_id"": ""23""},
{""point_2d"": [1480, 508], ""tooth_id"": ""24""},
{""point_2d"": [1840, 679], ""tooth_id"": ""38""},
{""point_2d"": [1248, 528], ""tooth_id"": ""21""},
{""point_2d"": [1698, 521], ""tooth_id"": ""26""},
{""point_2d"": [1826, 445], ""tooth_id"": ""28""},
{""point_2d"": [1559, 519], ""tooth_id"": ""25""}
]","Tooth #44, #42, #35, #14, #18, #16, #45, #15, #12, #34, #41, #33, #11, #13, #43, #48, #31, #32, #17, #46, #22, #47, #23, #24, #38, #21, #26, #28, #25."
188,Please accurately identify the wisdom tooth in the X-ray image.,"[
{""box_2d"": [1818, 398, 1944, 628], ""tooth_id"": ""28"", ""is_impacted"": ""false""},
{""box_2d"": [574, 360, 695, 601], ""tooth_id"": ""18"", ""is_impacted"": ""false""},
{""box_2d"": [549, 648, 748, 790], ""tooth_id"": ""48"", ""is_impacted"": ""true""}
]","Tooth #48: impacted. Tooth #28, #18."
193,What radiographic features are visible in tooth #48 on the panoramic X-ray?,"[
{""Teeth position"": {""point_2d"": [629, 737]}},
{""is_wisdom_tooth"": ""True""},
{""is_impacted"": ""false""},
{""Filling"": {""box_2d"": [683, 665, 738, 740]}}
]","Findings: wisdom tooth, filling."
199,What findings can be observed in the panoramic radiograph regarding tooth #31?,"[
{""Teeth position"": {""point_2d"": [1278, 750]}},
{""Crown"": {""box_2d"": [1249, 650, 1306, 769]}}
]",Findings: crown.
216,Does the panoramic X-ray demonstrate any jawbone-related structures?,"[
{""box_2d"": [1504, 587, 2089, 1052], ""label"": ""Mandibular canal""},
{""box_2d"": [361, 498, 950, 1041], ""label"": ""Mandibular canal""},
{""box_2d"": [1432, 31, 1832, 359], ""label"": ""Maxillary sinus""},
{""box_2d"": [618, 23, 1002, 354], ""label"": ""Maxillary sinus""}
]","Findings: mandibular canal, maxillary sinus."
222,Which teeth are impacted as seen on the panoramic radiograph? Specify their positions.,"[
{""box_2d"": [1763, 351, 1876, 479], ""tooth_id"": ""28"", ""is_impacted"": ""true""}
]",Tooth #28: impacted.
232,Please accurately identify the mandibular canal in the X-ray image.,"[
{""box_2d"": [1601, 613, 2115, 1072], ""label"": ""Mandibular canal""},
{""box_2d"": [370, 626, 862, 1061], ""label"": ""Mandibular canal""}
]",Findings: mandibular canal.
238,Are there any pathological findings on the panoramic radiograph? List them systematically.,"[
{""box_2d"": [1775, 681, 1806, 731], ""tooth_id"": ""37"", ""label"": ""Caries""}
]",Tooth #37: caries.
244,What findings can be observed in the panoramic radiograph regarding tooth #38?,"[
{""Teeth position"": {""point_2d"": [1916, 806]}},
{""is_wisdom_tooth"": ""True""},
{""is_impacted"": ""true""}
]","Findings: wisdom tooth, impacted."
250,What are the characteristic features of the crown visible in multiple teeth on the panoramic radiograph?,"[
{""tooth_id"": ""36"", ""box_2d"": [1585, 728, 1731, 813]},
{""tooth_id"": ""46"", ""box_2d"": [789, 735, 935, 819]}
]","Tooth #36, #46."
256,What radiographic features are visible in tooth #18 on the panoramic X-ray?,"[
{""Teeth position"": {""point_2d"": [678, 486]}},
{""is_wisdom_tooth"": ""True""},
{""is_impacted"": ""false""}
]",Findings: wisdom tooth.
268,Which periapical lesions could be detected in the panoramic image?,"[
{""box_2d"": [863, 392, 930, 456], ""tooth_id"": ""16"", ""label"": ""Periapical lesions (Abscess)""}
]",Tooth #16: periapical lesions (abscess).
274,Detect wisdom tooth in the panoramic image.,"[
{""box_2d"": [1690, 705, 1829, 899], ""tooth_id"": ""38"", ""is_impacted"": ""false""},
{""box_2d"": [612, 657, 773, 850], ""tooth_id"": ""48"", ""is_impacted"": ""false""},
{""box_2d"": [681, 445, 774, 641], ""tooth_id"": ""18"", ""is_impacted"": ""false""},
{""box_2d"": [1686, 429, 1806, 672], ""tooth_id"": ""28"", ""is_impacted"": ""false""}
]","Tooth #38, #48, #18, #28."
280,Please detect the maxillary sinus in the panoramic image.,"[
{""box_2d"": [581, 21, 1041, 426], ""label"": ""Maxillary sinus""},
{""box_2d"": [1421, 25, 1880, 411], ""label"": ""Maxillary sinus""}
]",Findings: maxillary sinus.
286,Please provide a full description of the condition of tooth #32.,"[
{""Teeth position"": {""point_2d"": [1335, 896]}},
{""Crown"": {""box_2d"": [1307, 827, 1360, 884]}}
]",Findings: crown.
292,Describe the overall status of tooth #38 based on the panoramic radiograph findings.,"[
{""Teeth position"": {""point_2d"": [1817, 699]}},
{""is_wisdom_tooth"": ""True""},
{""is_impacted"": ""false""}
]",Findings: wisdom tooth.
298,What findings can be observed in the panoramic radiograph regarding tooth #26?,"[
{""Teeth position"": {""point_2d"": [1599, 432]}},
{""Crown"": {""box_2d"": [1521, 438, 1603, 561]}}
]",Findings: crown.
310,Does the panoramic radiograph reveal any specific tooth involvement trends related to root canal treatment?,"[
{""tooth_id"": ""35"", ""box_2d"": [1588, 774, 1640, 923]},
{""tooth_id"": ""37"", ""box_2d"": [1822, 746, 1862, 835]},
{""tooth_id"": ""25"", ""box_2d"": [1612, 418, 1638, 561]}
]","Tooth #35, #37, #25."
316,What findings can be observed in the panoramic radiograph regarding tooth #11?,"[
{""Teeth position"": {""point_2d"": [1187, 642]}},
{""Crown"": {""box_2d"": [1150, 658, 1221, 755]}}
]",Findings: crown.
322,Does tooth #25 exhibit any signs of pathology or structural compromise on the panoramic radiograph?,"[
{""Teeth position"": {""point_2d"": [1544, 525]}},
{""Crown"": {""box_2d"": [1496, 547, 1589, 661]}}
]",Findings: crown.
328,What radiographic features are visible in tooth #35 on the panoramic X-ray?,"[
{""Teeth position"": {""point_2d"": [1472, 838]}},
{""Crown"": {""box_2d"": [1423, 735, 1519, 830]}},
{""Implant"": {""box_2d"": [1460, 836, 1509, 965]}}
]","Findings: crown, implant."
352,What findings can be observed in the panoramic radiograph regarding tooth #37?,"[
{""Teeth position"": {""point_2d"": [1756, 702]}},
{""Crown"": {""box_2d"": [1662, 598, 1800, 697]}}
]",Findings: crown.
358,Detect wisdom tooth in the panoramic image.,"[
{""box_2d"": [570, 565, 758, 764], ""tooth_id"": ""48"", ""is_impacted"": ""false""}
]",Tooth #48.
364,Describe the overall status of tooth #38 based on the panoramic radiograph findings.,"[
{""Teeth position"": {""point_2d"": [1850, 770]}},
{""is_wisdom_tooth"": ""True""},
{""is_impacted"": ""false""},
{""Filling"": {""box_2d"": [1794, 692, 1847, 725]}}
]","Findings: wisdom tooth, filling."
376,Which areas show the teeth in the panoramic image?,"[
{""point_2d"": [1664, 754], ""tooth_id"": ""35""},
{""point_2d"": [1293, 752], ""tooth_id"": ""41""},
{""point_2d"": [1506, 786], ""tooth_id"": ""33""},
{""point_2d"": [1414, 757], ""tooth_id"": ""32""},
{""point_2d"": [1521, 468], ""tooth_id"": ""23""},
{""point_2d"": [981, 796], ""tooth_id"": ""45""},
{""point_2d"": [1889, 486], ""tooth_id"": ""28""},
{""point_2d"": [664, 518], ""tooth_id"": ""17""},
{""point_2d"": [1100, 772], ""tooth_id"": ""43""}
]","Tooth #35, #41, #33, #32, #23, #45, #28, #17, #43."
388,What radiographic features are visible in tooth #28 on the panoramic X-ray?,"[
{""Teeth position"": {""point_2d"": [1838, 508]}},
{""is_wisdom_tooth"": ""True""},
{""is_impacted"": ""false""}
]",Findings: wisdom tooth.
394,What findings can be observed in the panoramic radiograph regarding tooth #36?,"[
{""Teeth position"": {""point_2d"": [1636, 736]}},
{""Periapical lesions (abscess)"": {""box_2d"": [1712, 783, 1768, 834]}},
{""Root fracture"": {""box_2d"": [1536, 635, 1681, 753]}}
]","Findings: periapical lesions (abscess), root fracture."
400,Does tooth #unknown exhibit any signs of pathology or structural compromise on the panoramic radiograph?,"[
{""Implant"": {""box_2d"": [1517, 808, 1566, 947]}},
{""Implant"": {""box_2d"": [1603, 376, 1659, 496]}}
]",Findings: implant.
405,What is the overall structural integrity of tooth #38 as seen on the panoramic radiograph?,"[
{""Teeth position"": {""point_2d"": [1968, 638]}},
{""is_wisdom_tooth"": ""True""},
{""is_impacted"": ""false""}
]",Findings: wisdom tooth.
406,Which wisdom tooth can be detected in the panoramic image?,"[
{""box_2d"": [576, 567, 782, 768], ""tooth_id"": ""48"", ""is_impacted"": ""false""},
{""box_2d"": [647, 357, 755, 569], ""tooth_id"": ""18"", ""is_impacted"": ""false""},
{""box_2d"": [1867, 540, 2069, 736], ""tooth_id"": ""38"", ""is_impacted"": ""false""},
{""box_2d"": [1856, 347, 1976, 553], ""tooth_id"": ""28"", ""is_impacted"": ""false""}
]","Tooth #48, #18, #38, #28."
412,Identify areas showing the historical treatments in the panoramic radiograph.,"[
{""box_2d"": [786, 667, 917, 770], ""tooth_id"": ""46"", ""label"": ""Crown""},
{""box_2d"": [1635, 698, 1698, 743], ""tooth_id"": ""36"", ""label"": ""Filling""},
{""box_2d"": [731, 545, 849, 644], ""tooth_id"": ""16"", ""label"": ""Crown""},
{""box_2d"": [664, 540, 696, 570], ""tooth_id"": ""17"", ""label"": ""Filling""},
{""box_2d"": [1706, 645, 1805, 745], ""tooth_id"": ""37"", ""label"": ""Crown""},
{""box_2d"": [1750, 730, 1821, 871], ""tooth_id"": ""37"", ""label"": ""Implant""}
]","Tooth #46: crown. Tooth #36: filling. Tooth #16: crown. Tooth #17: filling. Tooth #37: crown, implant."
418,Does the panoramic X-ray show any systemic involvement of the crown across the entire dentition?,"[
{""tooth_id"": ""32"", ""box_2d"": [1286, 704, 1341, 792]},
{""tooth_id"": ""31"", ""box_2d"": [1231, 707, 1285, 790]},
{""tooth_id"": ""16"", ""box_2d"": [815, 555, 916, 655]},
{""tooth_id"": ""45"", ""box_2d"": [926, 686, 1013, 771]},
{""tooth_id"": ""11"", ""box_2d"": [1188, 580, 1262, 675]},
{""tooth_id"": ""14"", ""box_2d"": [913, 580, 984, 652]},
{""tooth_id"": ""12"", ""box_2d"": [1115, 540, 1185, 667]},
{""tooth_id"": ""26"", ""box_2d"": [1601, 602, 1699, 690]},
{""tooth_id"": ""21"", ""box_2d"": [1266, 557, 1345, 685]},
{""tooth_id"": ""13"", ""box_2d"": [1053, 549, 1118, 662]},
{""tooth_id"": ""37"", ""box_2d"": [1631, 733, 1740, 792]}
]","Tooth #32, #31, #16, #45, #11, #14, #12, #26, #21, #13, #37."
424,What is the overall structural integrity of tooth #46 as seen on the panoramic radiograph?,"[
{""Teeth position"": {""point_2d"": [796, 806]}},
{""Filling"": {""box_2d"": [776, 704, 872, 757]}}
]",Findings: filling.
429,Please accurately identify the historical treatments in the X-ray image.,"[
{""box_2d"": [1622, 660, 1649, 678], ""tooth_id"": ""25"", ""label"": ""Filling""},
{""box_2d"": [1631, 719, 1699, 751], ""tooth_id"": ""36"", ""label"": ""Filling""},
{""box_2d"": [1707, 653, 1740, 670], ""tooth_id"": ""26"", ""label"": ""Filling""},
{""box_2d"": [656, 721, 732, 765], ""tooth_id"": ""47"", ""label"": ""Filling""},
{""box_2d"": [614, 659, 664, 678], ""tooth_id"": ""17"", ""label"": ""Filling""},
{""box_2d"": [1798, 737, 1863, 839], ""tooth_id"": ""37"", ""label"": ""Root canal treatment""},
{""box_2d"": [742, 734, 890, 806], ""tooth_id"": ""46"", ""label"": ""Crown""},
{""box_2d"": [746, 808, 786, 885], ""tooth_id"": ""46"", ""label"": ""Root canal treatment""},
{""box_2d"": [864, 680, 894, 703], ""tooth_id"": ""15"", ""label"": ""Filling""},
{""box_2d"": [1815, 632, 1872, 657], ""tooth_id"": ""27"", ""label"": ""Filling""},
{""box_2d"": [760, 684, 793, 702], ""tooth_id"": ""16"", ""label"": ""Filling""}
]","Tooth #25: filling. Tooth #36: filling. Tooth #26: filling. Tooth #47: filling. Tooth #17: filling. Tooth #37: root canal treatment. Tooth #46: crown, root canal treatment. Tooth #15: filling. Tooth #27: filling. Tooth #16: filling."
435,Please provide a full description of the condition of tooth #38.,"[
{""Teeth position"": {""point_2d"": [1798, 676]}},
{""is_wisdom_tooth"": ""True""},
{""is_impacted"": ""false""}
]",Findings: wisdom tooth.
440,Which areas show the historical treatments in the panoramic image?,"[
{""box_2d"": [1801, 637, 1870, 674], ""tooth_id"": ""38"", ""label"": ""Filling""},
{""box_2d"": [678, 654, 708, 678], ""tooth_id"": ""17"", ""label"": ""Filling""},
{""box_2d"": [572, 585, 618, 627], ""tooth_id"": ""18"", ""label"": ""Filling""},
{""box_2d"": [591, 655, 669, 695], ""tooth_id"": ""48"", ""label"": ""Filling""},
{""box_2d"": [1689, 692, 1766, 737], ""tooth_id"": ""37"", ""label"": ""Filling""},
{""box_2d"": [705, 723, 728, 748], ""tooth_id"": ""47"", ""label"": ""Filling""},
{""box_2d"": [1752, 632, 1806, 664], ""tooth_id"": ""27"", ""label"": ""Filling""}
]",Tooth #38: filling. Tooth #17: filling. Tooth #18: filling. Tooth #48: filling. Tooth #37: filling. Tooth #47: filling. Tooth #27: filling.
446,What is the overall structural integrity of tooth #28 as seen on the panoramic radiograph?,"[
{""Teeth position"": {""point_2d"": [1814, 464]}},
{""is_wisdom_tooth"": ""True""},
{""is_impacted"": ""false""}
]",Findings: wisdom tooth.
452,Identify areas showing the dental caries in the panoramic radiograph.,"[
{""box_2d"": [676, 616, 753, 712], ""tooth_id"": ""47"", ""label"": ""Caries""}
]",Tooth #47: caries.
458,What radiographic features are visible in tooth #38 on the panoramic X-ray?,"[
{""Teeth position"": {""point_2d"": [1830, 664]}},
{""is_wisdom_tooth"": ""True""},
{""is_impacted"": ""false""}
]",Findings: wisdom tooth.
464,Does the panoramic X-ray show any systemic involvement of the impacted teeth across the entire dentition?,"[
{""box_2d"": [496, 548, 693, 696], ""tooth_id"": ""48"", ""is_impacted"": ""true""}
]",Tooth #48: impacted.
469,Please accurately identify the periapical lesions in the X-ray image.,"[
{""box_2d"": [1867, 758, 1995, 889], ""tooth_id"": ""38"", ""label"": ""Periapical lesions (Cyst)""}
]",Tooth #38: periapical lesions (cyst).
474,What is the overall structural integrity of tooth #47 as seen on the panoramic radiograph?,"[
{""Teeth position"": {""point_2d"": [736, 764]}},
{""Periapical lesions (Granuloma)"": {""box_2d"": [707, 833, 744, 879]}},
{""Crown"": {""box_2d"": [685, 664, 818, 746]}},
{""Root canal treatment"": {""box_2d"": [673, 737, 719, 825]}}
]","Findings: periapical lesions (granuloma), crown, root canal treatment."
480,Please detect the dental caries in the panoramic image.,"[
{""box_2d"": [1643, 664, 1667, 710], ""tooth_id"": ""36"", ""label"": ""Caries""}
]",Tooth #36: caries.
485,Describe all abnormal radiographic features observed across the dentition in this panoramic X-ray.,"[
{""box_2d"": [1649, 620, 1764, 712], ""tooth_id"": ""36"", ""label"": ""Caries""}
]",Tooth #36: caries.
491,Identify the periapical lesions in the X-ray image.,"[
{""box_2d"": [800, 842, 846, 890], ""tooth_id"": ""46"", ""label"": ""Periapical lesions (Granuloma)""}
]",Tooth #46: periapical lesions (granuloma).
495,Detect mandibular canal in the panoramic image.,"[
{""box_2d"": [1665, 587, 2086, 941], ""label"": ""Mandibular canal""},
{""box_2d"": [393, 483, 825, 994], ""label"": ""Mandibular canal""}
]",Findings: mandibular canal.
501,Which areas show the periapical lesions in the panoramic image?,"[
{""box_2d"": [1843, 818, 1905, 884], ""tooth_id"": ""37"", ""label"": ""Periapical lesions (Abscess)""}
]",Tooth #37: periapical lesions (abscess).
506,What radiographic features are visible in tooth #46 on the panoramic X-ray?,"[
{""Teeth position"": {""point_2d"": [827, 814]}},
{""Periapical lesions (Cyst)"": {""box_2d"": [719, 888, 830, 971]}},
{""Crown"": {""box_2d"": [774, 705, 923, 819]}}
]","Findings: periapical lesions (cyst), crown."
512,What findings can be observed in the panoramic radiograph regarding tooth #48?,"[
{""Teeth position"": {""point_2d"": [608, 655]}},
{""is_wisdom_tooth"": ""True""},
{""is_impacted"": ""false""}
]",Findings: wisdom tooth.
518,Which areas show the mandibular canal in the panoramic image?,"[
{""box_2d"": [1548, 577, 2094, 1045], ""label"": ""Mandibular canal""},
{""box_2d"": [367, 591, 889, 994], ""label"": ""Mandibular canal""}
]",Findings: mandibular canal.
523,What findings can be observed in the panoramic radiograph regarding tooth #28?,"[
{""Teeth position"": {""point_2d"": [1858, 480]}},
{""is_wisdom_tooth"": ""True""},
{""is_impacted"": ""false""}
]",Findings: wisdom tooth.
529,What radiographic features are visible in tooth #46 on the panoramic X-ray?,"[
{""Teeth position"": {""point_2d"": [800, 761]}},
{""Periapical lesions (Abscess)"": {""box_2d"": [702, 781, 777, 854]}}
]",Findings: periapical lesions (abscess).
535,Which teeth demonstrate radiographic features associated with the filling on the panoramic radiograph?,"[
{""tooth_id"": ""38"", ""box_2d"": [1757, 643, 1826, 677]}
]",Tooth #38.
541,Which mandibular canal is/are visible in the panoramic dental image?,"[
{""box_2d"": [1516, 611, 2146, 1093], ""label"": ""Mandibular canal""},
{""box_2d"": [358, 658, 991, 1108], ""label"": ""Mandibular canal""}
]",Findings: mandibular canal.
547,What are the characteristic features of the filling visible in multiple teeth on the panoramic radiograph?,"[
{""tooth_id"": ""16"", ""box_2d"": [845, 511, 916, 583]},
{""tooth_id"": ""46"", ""box_2d"": [825, 620, 884, 648]},
{""tooth_id"": ""37"", ""box_2d"": [1665, 578, 1745, 628]},
{""tooth_id"": ""27"", ""box_2d"": [1684, 511, 1720, 546]}
]","Tooth #16, #46, #37, #27."
552,Does tooth #42 exhibit any signs of pathology or structural compromise on the panoramic radiograph?,"[
{""Teeth position"": {""point_2d"": [1113, 798]}},
{""Crown"": {""box_2d"": [1094, 711, 1147, 809]}}
]",Findings: crown.
553,What radiographic features are visible in tooth #48 on the panoramic X-ray?,"[
{""Teeth position"": {""point_2d"": [596, 616]}},
{""is_wisdom_tooth"": ""True""},
{""is_impacted"": ""false""},
{""Crown"": {""box_2d"": [592, 554, 682, 665]}}
]","Findings: wisdom tooth, crown."
559,Which teeth exhibit signs of pathology on the panoramic radiograph? Summarize the key findings.,"[
{""box_2d"": [704, 685, 800, 728], ""tooth_id"": ""47"", ""label"": ""Caries""}
]",Tooth #47: caries.
564,Please provide a full description of the condition of tooth #46.,"[
{""Teeth position"": {""point_2d"": [778, 792]}},
{""Filling"": {""box_2d"": [717, 686, 820, 794]}},
{""Root canal treatment"": {""box_2d"": [700, 786, 752, 875]}}
]","Findings: filling, root canal treatment."
570,Which areas show the maxillary sinus in the panoramic image?,"[
{""box_2d"": [1459, 23, 1928, 468], ""label"": ""Maxillary sinus""},
{""box_2d"": [581, 8, 1042, 449], ""label"": ""Maxillary sinus""}
]",Findings: maxillary sinus.
576,Does tooth #48 exhibit any signs of pathology or structural compromise on the panoramic radiograph?,"[
{""Teeth position"": {""point_2d"": [666, 686]}},
{""is_wisdom_tooth"": ""True""},
{""is_impacted"": ""false""}
]",Findings: wisdom tooth.
